{"layer/layer2.0.conv1/channel_count":75,"layer/layer4.2.conv2/mean_he":1843.7362060546875,"layer/layer4.0.conv1/mean_he":1846.787841796875,"layer/layer3.0.conv1/channel_count":127,"layer/layer3.1.conv1/channel_count":127,"layer/layer1.2.conv2/mean_he":378.89215087890625,"layer/layer3.4.conv1/normalized_he":510.55456446850394,"layer/layer4.2.conv1/std":4.013102054595947,"layer/layer3.1.conv1/mean_he":1024.429931640625,"_runtime":11447.947316735,"layer/layer1.0.conv2/normalized_he":544.401013962766,"layer/layer2.2.conv1/channel_count":75,"layer/layer1.2.conv2/normalized_he":515.9382480053191,"layer/layer3.3.conv1/std":2.2762610912323,"layer/layer4.0.conv2/channel_count":231,"_step":129,"layer/layer2.3.conv2/mean_he":602.3306274414062,"layer/layer1.1.conv2/normalized_he":531.1690492021277,"layer/layer3.5.conv1/mean_he":1013.4935913085938,"layer/layer4.0.conv1/std":0.9629330635070801,"layer/layer3.4.conv2/std":1.166159749031067,"layer/layer3.5.conv2/channel_count":127,"layer/layer1.1.conv1/channel_count":47,"layer/layer2.2.conv1/mean_he":612.7432861328125,"global/max_he":1849.727783203125,"layer/layer1.0.conv1/channel_count":47,"layer/layer2.2.conv2/normalized_he":515.6275,"layer/layer1.2.conv1/channel_count":47,"layer/layer3.3.conv2/channel_count":127,"global/step":64500,"layer/layer2.1.conv1/normalized_he":533.0740625,"layer/layer3.1.conv2/normalized_he":512.9848056102362,"layer/layer3.0.conv2/normalized_he":512.8051181102362,"layer/layer2.0.conv1/mean_he":618.9844360351562,"layer/layer1.0.conv2/std":23.196632385253906,"layer/layer2.1.conv2/std":12.596287727355957,"layer/layer2.0.conv2/normalized_he":518.7614583333333,"layer/layer2.3.conv2/std":3.4188427925109863,"layer/layer4.2.conv1/normalized_he":512.4786931818181,"layer/layer2.3.conv1/normalized_he":516.1341666666667,"layer/layer3.4.conv1/mean_he":1013.1317138671875,"_wandb":{"runtime":14228},"layer/layer3.2.conv1/normalized_he":512.4959399606299,"layer/layer1.1.conv2/mean_he":390.0772705078125,"layer/layer3.5.conv1/normalized_he":510.7369279035433,"layer/layer2.2.conv1/std":11.107738494873047,"layer/layer3.5.conv2/mean_he":1013.67431640625,"layer/layer4.2.conv2/std":0.8434231281280518,"layer/layer2.1.conv2/channel_count":75,"layer/layer3.3.conv1/normalized_he":511.2752214566929,"global/total_he":4.58515175390625e+06,"layer/layer2.1.conv1/std":42.84819793701172,"layer/layer3.3.conv1/mean_he":1014.561767578125,"layer/layer2.3.conv2/channel_count":75,"layer/layer4.2.conv2/channel_count":231,"layer/layer4.1.conv1/channel_count":231,"layer/layer3.2.conv2/channel_count":127,"layer/layer2.2.conv2/mean_he":604.2509765625,"global/active_channels":3792,"layer/layer3.3.conv2/normalized_he":510.9009904035433,"layer/layer3.0.conv2/channel_count":127,"layer/layer3.1.conv2/channel_count":127,"layer/layer2.0.conv2/channel_count":75,"layer/layer3.1.conv2/std":3.389003038406372,"layer/layer2.0.conv2/mean_he":607.923583984375,"layer/layer3.5.conv2/normalized_he":510.82800196850394,"layer/layer4.0.conv1/channel_count":231,"layer/layer2.2.conv2/channel_count":75,"layer/layer1.1.conv1/std":18.183914184570312,"layer/layer3.1.conv1/normalized_he":516.2481545275591,"layer/layer2.0.conv2/std":8.813301086425781,"global/mean_he":953.6306257247925,"layer/layer3.0.conv1/normalized_he":518.7146284448819,"layer/layer3.0.conv2/std":1.893003225326538,"layer/layer2.1.conv2/normalized_he":516.1115625,"layer/layer4.2.conv2/normalized_he":510.8186891233766,"layer/layer2.3.conv2/normalized_he":513.9888020833333,"layer/layer3.2.conv2/normalized_he":511.94829601377955,"layer/layer2.0.conv1/normalized_he":528.2000520833334,"layer/layer2.3.conv1/mean_he":604.8447265625,"layer/layer1.2.conv2/std":8.893153190612793,"layer/layer1.1.conv1/mean_he":389.1986389160156,"layer/layer2.2.conv1/normalized_he":522.8742708333333,"layer/layer3.4.conv1/channel_count":127,"layer/layer2.0.conv1/std":17.95570945739746,"layer/layer1.0.conv1/normalized_he":547.0368184840426,"layer/layer1.2.conv1/normalized_he":539.4370013297872,"layer/layer3.4.conv2/normalized_he":510.664031742126,"layer/layer2.3.conv1/std":6.2571563720703125,"layer/layer1.1.conv1/normalized_he":529.9726146941489,"layer/layer3.4.conv2/mean_he":1013.3489379882812,"layer/layer2.1.conv1/mean_he":624.6961669921875,"layer/layer3.0.conv1/std":8.510554313659668,"layer/layer3.2.conv1/channel_count":127,"layer/layer3.4.conv1/std":1.2725902795791626,"layer/layer4.2.conv1/channel_count":231,"layer/layer2.3.conv1/channel_count":75,"layer/layer4.1.conv2/channel_count":231,"layer/layer1.0.conv2/mean_he":399.79449462890625,"layer/layer3.1.conv1/std":6.552036762237549,"layer/layer3.0.conv2/mean_he":1017.59765625,"layer/layer4.1.conv1/mean_he":1846.88232421875,"layer/layer3.2.conv2/mean_he":1015.8973999023438,"_timestamp":1.7455226707478352e+09,"layer/layer2.1.conv1/channel_count":75,"layer/layer4.1.conv1/std":1.1798690557479858,"layer/layer4.0.conv2/normalized_he":511.1046739718615,"layer/layer3.1.conv2/mean_he":1017.9542236328125,"layer/layer4.0.conv2/std":0.6696355938911438,"layer/layer1.2.conv2/channel_count":47,"layer/layer1.0.conv2/channel_count":47,"layer/layer1.0.conv1/std":38.423431396484375,"layer/layer4.0.conv2/mean_he":1844.7684326171875,"layer/layer3.3.conv2/mean_he":1013.8191528320312,"layer/layer3.2.conv1/mean_he":1016.984130859375,"layer/layer1.1.conv2/channel_count":47,"layer/layer3.5.conv1/channel_count":127,"layer/layer4.1.conv1/normalized_he":511.69034090909093,"layer/layer3.5.conv2/std":1.3441449403762817,"layer/layer3.2.conv2/std":2.1917314529418945,"layer/layer3.3.conv1/channel_count":127,"layer/layer3.3.conv2/std":1.3838883638381958,"layer/layer3.2.conv1/std":4.1042256355285645,"layer/layer1.2.conv1/std":26.280670166015625,"layer/layer2.1.conv2/mean_he":604.8182373046875,"layer/layer4.1.conv2/normalized_he":510.7882846320346,"layer/layer1.1.conv2/std":17.466073989868164,"layer/layer4.1.conv2/mean_he":1843.62646484375,"layer/layer4.0.conv1/normalized_he":511.664163961039,"layer/layer1.0.conv1/mean_he":401.73016357421875,"layer/layer3.4.conv2/channel_count":127,"layer/layer3.5.conv1/std":1.5224400758743286,"layer/layer4.1.conv2/std":0.45493265986442566,"layer/layer3.0.conv1/mean_he":1029.3243408203125,"layer/layer4.2.conv1/mean_he":1849.727783203125,"global/min_he":378.89215087890625,"layer/layer1.2.conv1/mean_he":396.1490478515625,"layer/layer2.2.conv2/std":4.421672821044922}